seller_id,seller_state
3442f8959a,SP
d1b65fc7de,SP
ce3ad9de96,RJ
c0f3eea2e1,SP
51a04a8a6b,SP
c240c40617,RJ
e49c26c3ed,PE
1b938a7ec6,SP
768a86e36a,SP
ccc4bbb5f3,PR
8cb7c5ddf4,GO
a7a9b880c4,SP
8bd0f31cf0,SP
05a48cc885,SP
7b8e8ec35b,SC
1444c08e64,BA
166e8f1381,SC
e38db88540,DF
d2e753bb80,BA
f9ec7093df,SP
4e6015589b,SP
4cf490a582,SP
f7496d659c,SP
2ff97219cb,SP
8bd0e3abda,RS
2a1348e9ad,MG
2078fe5066,PR
116ccb1a16,SP
430315b7bb,SP
406822777a,SP
4dbd95a08b,PR
e9e446d01b,SP
d52cbce984,SC
d9a84e1403,SP
9c690ceacd,MG
1f9ab4708f,SP
1961c3e127,SP
d3e7d37c0d,PR
ec2e006556,SP
b2a6d334e2,SP
d3674f271c,DF
768de2a4fc,DF
a81466620e,SC
5c030029b5,SC
c0f783394e,SP
c353f8fc0c,RS
8444e55c1f,MG
28a26ebce3,MG
41ab63a91b,MG
8759e7aedd,SP
e546117ed9,SP
d71d863e5e,SP
0c7533c71d,SP
ef990a83bb,SC
41e0fa5761,SP
0747d5bb69,RJ
7d294cf9a6,SC
c89cf7c468,RJ
b7ba853e95,RS
13c2ed7698,PR
cbbd5ae8f5,SP
02ecc2a193,SP
c013e57c07,SP
55f7a3319d,SP
2d50d6282f,SP
b7e1750c11,SP
b90e891671,PR
a416b6a846,SP
7e93a43ef3,SP
5206cc4bc2,SP
f410c88730,SP
ef506c9632,SP
a13aaf2d28,SC
7299e27ed7,MG
8a9260f2b0,MG
dedcab6789,SC
b2479f944e,SP
7722b1df1b,SP
731ef20c23,SC
78813699ff,RS
3296662b13,SP
411f3b52d8,SP
bba3293d6f,SP
4e7c18b98d,SP
b56906f7fd,SP
d650b663c3,SP
669ae81880,SC
c2d70ce2c5,SP
6742075514,SP
abe42c5d03,RJ
1996942dc0,SP
79b93a308a,RJ
7cf4ea7095,SP
63ffcb7139,RJ
83353a83fd,SP
cda598c48d,SP
d4910f1cdc,SP
709e16e2b2,SP
9dc79dd988,SP
276677b5d0,MG
9c4d31c7e4,RJ
512d298ac2,RJ
422be4cc81,SP
99cd942527,SP
698624c663,SP
8bb48dc19f,SP
ad87df7699,SP
d6b664fa06,SP
98f52e1020,RJ
62760d2789,SP
eb72802c83,SP
3f9be91358,PR
1d45872032,SP
791cfcfe22,SP
392f7f2c79,RN
0c8380b62e,MG
37be5a7c75,SP
87d73636a3,SP
3d3ccf2b2f,SP
e24d3429d2,SP
44073f8b7e,DF
05ca864204,SP
9d39404483,SP
f9eda05b67,SC
75745ef7bc,DF
0692610d8a,SP
7b07b3c748,SP
99002261c5,MT
e589968338,SP
784ba75dd9,SP
099095b050,SP
0ad80de75c,RJ
b9a03475e6,PR
ba6b4a237f,RJ
ea00f977a2,SP
82e0a475a8,SP
ad75519a07,GO
34aefe746c,PR
ed4acab385,SP
f0837c8d71,RS
fce62094ff,SP
ebef8d8c92,SP
d73cbd8953,MG
75a4764c10,RS
70c0fda4c3,PE
ffcfefa19b,PR
26e13b6ff5,SP
0ade5cc4a3,PR
fc59392d66,BA
b18dc38084,SP
f22a247b79,SP
889009a0ed,SP
ffc470761d,SP
4c498c7345,SP
01bcc9d254,GO
f021c962aa,SC
024b564ae8,SP
a513150f33,SP
c1dde11f12,SP
02f5837340,PR
7b98de6319,PR
f12ff17ad8,SP
a64e446652,SP
6a8a889bde,SP
42b6488f5b,PR
d6cd01c591,SP
c8e135e7b2,SP
229c3efbfb,MG
f9a02f1922,SP
9523fb39dd,SP
95ec445836,SP
6ec1a01e86,SP
f6122bc847,SP
fa40cc5b93,SP
623ad9d0c1,MG
c0098efcf8,SP
a63bfbaa88,RJ
48b6c3f4c6,SP
270d3ef218,SP
89c127985a,SP
8b2492b7ff,RJ
1e9d5a3369,MT
5e49e3a44b,SC
8e34331b7e,SP
aaed130937,SC
11d4c477d0,SP
ff314fa603,SP
d1c7fa84e4,RS
c7246702dc,CE
e819bcfade,SP
6d2f2e3b53,SP
e88165a185,SP
9e6229250f,SP
5abb8ea023,SC
1d953075c2,MG
817245bcc3,SP
caa9bc43a9,SP
615005a3ef,SP
1284de4ae8,SP
5fd924b483,SP
7178f9f4dd,SC
8132b9bd16,SC
3f995f07c4,SP
a6bd7d1ccd,PB
6650fcccd8,SP
3db66a856d,MG
8b181ee551,SP
10ff823eda,SP
b4a476fbd2,SP
39c763cca8,GO
dadc51ef32,SP
83b08de969,RJ
14a08204d0,SP
bee36b4f9a,SP
28872dc528,RS
c85d7b477a,SP
739c7d7be8,PB
657969cca8,RS
455befea1b,RJ
800214c639,SC
5cf1ec37ae,SP
0a82f5fb06,SP
e45edf75f5,RJ
3d621842b2,SP
baf15155e3,SP
c0aff2da32,SC
a17f621c59,SP
4deebb3199,SP
9d69ba0a7a,SP
f92d8c8174,SP
8ca5b19e02,SP
eec3469d83,SP
55bb6fe5be,SP
d180e07dc1,MG
d6b1ce66b0,SP
3aa3c89ae3,GO
fe4cd94612,MG
c3aad7dc65,SP
f5fea3ffed,RJ
ececbfcff9,SP
a254c682cc,SP
830379336f,SP
7d13fca152,SP
1b4c3a6f53,SC
b92e3c8f97,MG
b8555308bf,SP
71593c7413,SP
1dc2de47ee,SP
6c6e3d67f9,PR
66d5ae3453,SP
781a66c0d8,SP
a4bd6e9adf,RJ
f88adb1580,SP
fa8d335d68,RS
f12d3c2a14,SP
4917cee8d9,SC
741f8c587c,SP
4bcec44888,SP
a663d9c379,SP
dff87e4de6,SP
ac1ed5fc15,SP
f9903dd0f8,SC
ac9b013779,SP
5011f0d933,SP
a4e6341662,SP
50bf89f134,SP
50c9975695,MG
42d4b7e708,GO
7aa4334be1,SP
b14db04aa7,SP
fac1a9017a,SP
31ae0774c1,SP
f0ec6a2adb,SP
cc1f04647b,SP
1099a00e0e,RJ
3d700782d7,SP
a3e9a2c700,SP
c3f5668699,PR
80f2cf9abf,SP
516e7738bd,RJ
4fe2f67634,PR
9f505651f4,SP
17adeba047,SP
7142540dd4,SP
c04d70d515,RJ
a3a38f4aff,SC
744dac4087,PR
9b013e03b2,SP
8b9d6eec4a,RJ
38e679b9e0,PR
5444b12c82,SP
83deb69e88,SC
54aa8463e8,MG
2e7ea2aafe,SP
79ebd9a61b,PR
1cbd50a8c5,PR
e503f22be6,SP
88af55b4a7,SP
5f3ae9136c,SP
b026643914,RJ
26af45f5df,PR
9dd459b29a,SP
8e6d7754bc,SP
e250d617a0,SP
92c8bc6e8f,SP
e53d5b9b29,PR
3ca08eeb8d,PR
cbd996ad3c,SP
8daab2245e,SP
15b3b1b814,SP
e067ad2c1c,SP
f626e15b73,SP
f1fd5ab118,PR
a7c8826283,SP
6b1c4d4d9c,RS
4e85b538b0,SP
093805f8f2,SP
5acd070dd3,SP
3c010235b7,PR
cb9fb4ca75,SP
ce33c6211b,SP
081acf3de6,MG
6989574bd9,PR
535bf14f36,RJ
8501d82f68,SC
7f02656561,SP
57a834594e,RS
8fd3b4468f,SP
6d803cb79c,SP
5f2684dab1,SP
713e3a23ca,PR
f97e2b0650,SP
8b321bb669,SP
32f83ffe11,RS
76d64c4aca,PR
d06d019f72,SP
ec80e49e69,SP
f8f35af463,MG
004c9cd9d8,SP
3bdff180c7,SP
6b89abe958,GO
aced59e9b3,SP
b4f8921fcc,RS
d2572f31e9,MG
c731d18cea,SC
3dc69bf2c4,SP
d8d9567d0b,SP
0daf5180aa,GO
5194c22ed1,MG
fe8055980a,PR
c42fd8e4d4,SP
671585f5a2,PR
2dd1fb6f0e,PR
a7c53f6b3b,SP
a11a0e0ca6,SP
5bffbafbb2,RJ
fc0b214b59,SP
011b0eaba8,SP
43753b27d7,BA
822b639125,SP
a3fa18b3f6,SP
5587130f98,SP
9c1c0c36cd,SP
34a557286e,SP
c716e0b86e,SP
455c5640e8,SC
87d30a6a0c,SP
217f005bb3,SP
cac4e0bc1a,SC
8ec76bb096,SC
aba1721a88,SP
7238f87757,SP
044668ccd5,SP
643c01d7c5,SC
cab8550571,SP
312ba1d77e,SP
8c3b533c63,MG
1fdc574883,SP
9a03a4e9eb,SP
33cbda8716,SC
6cd68b3ed6,MG
3df020b72d,SP
537eb890ef,RJ
89de2d6f23,PR
c611f4ce9c,SP
4be2e7f96b,AC
3bfba5a776,PR
48fb026ed7,RJ
0d33a55da9,SP
cea729054f,SP
955fee9216,SP
0f0c984a4a,SP
f805b96fa7,PR
751bdc4d83,SP
2f4b0d3b96,SP
ba5daa4041,SP
6e386f64c8,SP
83c465a786,SP
d93b8458c6,SP
71592660bb,SP
6a53b90c3a,PR
38f276ca6e,SP
eae9af4811,SP
039b29ff3b,SP
ac51cac5e2,SP
4221a7df46,BA
48e954b2da,RS
fc4751cfe3,PR
e1a210d482,PR
085f6f7e04,SP
34675b28b8,PR
7d7866a99a,SP
5a93f3ab0e,SP
64cc804291,PR
5f57db2702,ES
e1b12447a7,SP
2f3d8b4c9e,SC
1fe5540d7c,RJ
d3f39f0546,SP
528ce32f56,SP
b86a47b336,MG
0176f73cc1,SP
01cf7e3d21,PR
ceaec5548e,SP
c8771b1a10,SP
2d42ebcda9,GO
e9bc59e7b6,PR
13d95f0f6f,GO
6f229cc508,RJ
83f2b48811,SP
c8c1bea221,SC
b0b346d3a8,SP
a0415d9b25,RJ
3dfd3dc96f,SP
e5545d4d44,SP
fa1a9dec3a,SC
6ddc28b61b,SP
c5ebe65987,RS
5670f4db5b,SP
e1c76f339e,SP
cb8bcce248,MG
6524b847b9,SP
610f72e407,SP
b6d44737c0,SP
972d0f9cf6,SC
8c91bfea42,RS
38af8acfd4,SP
d90fe2229f,SP
75fdd0a732,SP
5b2e94f2c2,SP
9ac75591b6,SP
e5bd516923,SP
cfb1a03374,SP
adcf50477d,MG
8476243f92,RS
f2336e1133,SP
f25e239052,SP
714b9a1332,SP
89d9a386b0,SP
bd15ee794d,SP
f326006815,SP
bac692d6c0,SC
6a51fc556d,SP
a90a5da8b0,PR
ea6b12bf9f,SP
dc64d75cc4,MG
fa7ad8ae9b,SP
d1ef48b38b,PR
67e43d802f,SP
f18112da76,SC
259f7b5e6e,SP
dd7ddc04e1,SP
f457c46070,PR
5962468f88,PR
1f50f92017,SP
2b1a40c1da,MG
26b482dccf,SP
f356c348fb,RS
2ba91c7ad8,SP
3d0cd21d41,SC
d93919c944,SP
f7ba60f8c3,SP
0ee4fb99ac,SP
c5f7e746b7,PR
2d20f1cd18,PR
002100f778,SP
70f84699be,MG
5bc24d989e,MG
36f98ad67c,PR
70ee694199,SP
6eb94e1466,SP
8ff1a9df74,SP
c4fabeea6e,CE
5236605f4d,SP
45c20d94d9,SP
5bc237df65,MG
6a38087bc8,GO
4e5725ba18,SP
e4f121bf6e,SP
eebb337236,SP
2ec6e37d99,RS
f84a00e60c,RJ
e5a38146df,SP
80cfd480be,SP
62c50c1af4,SP
4de6e4ba57,PR
6548c2550b,SP
f45122a9ab,SP
7901646fdd,RJ
6481e96574,SP
e8dba4d70f,SP
13e85aac53,SP
b6dc74ed30,PR
48436dade1,SP
f5f2ab9bdb,SP
8ed8ea9a57,SC
c76d418370,SP
ceb7b4fb94,RJ
ea846a0e7a,SP
2c54051840,PR
ee27a8f15b,GO
69b5eaa096,SP
5b92bfa412,SP
1554a68530,MG
fc38b5dcee,SP
152ee17e4c,SC
fac35d1507,MG
04aa0a1c5c,SP
ede0c03645,SP
1e47defeea,SP
a7b7354cc5,SP
ef0ace0916,RJ
a7dc4098e4,SP
918717417d,SP
26f6b7ab07,RJ
cad9969167,MG
7c4adcc132,RJ
f19516b9ff,SP
ed8cb7b190,SP
97e50a621f,SP
562f8cfc51,MG
a21c11ec5c,SP
97e4a63591,RJ
07017df32d,PB
52092ddbd3,SP
1a8e2d9c38,SC
f1198c871e,SP
87142160b4,RS
a0e19590a0,PR
289cdb325f,SP
11305281b5,MG
723a46b89f,RS
d9b00a9781,PR
9d681c7e12,PR
c7bb64409a,SC
bb7ad8a45c,SC
8a207b6080,SP
fa1c13f261,SP
bf100ecb79,PR
3504c0cb71,SP
164a5a8794,PR
de09d00cfc,SP
638cba8be1,SP
2f73e04d12,ES
fbc14c0cf9,SP
c3ee2331a7,SP
e9874ae10b,PR
df47da4ae8,SP
ddd51ae8cd,RJ
e644cbadf7,SP
2bdb95a56a,SP
34d1ca11b2,MG
324583d688,SP
96493fab2f,SP
d4ffeb15b6,SP
b5d034ac25,SP
8a1ff5c35f,PR
a150c540f5,SP
7c1fea10b5,SP
b6e1504972,SP
f76a3b1349,SP
99eaacc9e6,SP
8603f0038f,SC
d98eec89af,RS
ab75b89cc4,SP
08084d990e,SP
d85efbc8ef,SP
23613d49c3,SP
87d3c3aeb3,SP
93b9a99027,SP
0bf0150d5b,SP
7ecef8194b,SP
87b4428a33,SP
30829ded45,RS
dcb7367a92,SP
513a54369b,SP
5075aaa840,MG
d354c38a71,RJ
4be9ae93c4,MG
e0487761fa,SP
9996ae921c,SP
c3cfdc6481,PR
c8cc60ffd4,SP
1ce3ae5a39,SC
5f26c1408a,PR
e59e575a17,RJ
2138ccb85b,SP
83d458c0d6,SP
ef30892870,SP
d5b9a08437,SP
e9c2dc0dd4,SC
fe87f47205,SP
5a32c398a0,RJ
f464906244,SP
4d0041cdbe,MG
db46ca7bce,RJ
ad420dd0c4,MG
e8b4225284,SP
f61c63d13f,SP
054694fa03,SP
dc50afafdf,PR
376d67b61d,SP
7994b065a7,ES
a9415cf907,MG
b7d5b4b87a,SC
7315baebc0,SP
4125d9385a,SP
c8b0e2b0a7,SP
38102b031c,CE
160e4f13fd,PR
8ccf3cf696,SP
391fc6631a,SP
33cbbec1e7,RS
da03c298e3,SP
49383af7ab,SP
8a2d12a90e,PR
52956b80ae,PR
762ed97652,PR
7994081388,SP
585175ec33,MG
e59aa562b9,PR
e84ad21276,SP
1a6245add4,SP
e977997648,SP
6b90f84735,SP
48328ec9a5,RS
73a63f7230,PR
f62d7bb4a6,MG
252e76235a,SP
7c5b05cbdb,SP
db4350fd57,SP
845e8036c3,RJ
712efd3b68,PR
3364a91ec4,RO
b00af24704,BA
4324dd1685,SP
0a198e95d3,MG
d1a1b40ec5,PR
55a5b51f93,MG
6426d21aca,SP
8a432f4e5b,SP
da3fede346,SP
c092292535,RJ
20a8b0dc55,SP
bfd27a966d,SP
fadb07c842,SP
6b15924333,SP
1c83418358,SP
04e38a233f,SP
1b4b284634,SP
db7ed69a53,SP
f664f98bfd,SP
7ade73f1b9,SP
a369d69396,SP
fb8904a8ea,SP
2ef086a599,SC
134285d1f4,SP
9ed6533743,SP
aec99834ab,PR
b8578d2d82,SC
d9d43faf74,SP
964ff64dc0,SP
96e5dc0908,RJ
24c1de8d95,PB
0336182e1b,SP
c03121937e,PR
b87a7ea0c3,SP
84c945f155,SP
2d378dbb39,SC
0b0ddbc7b9,SP
51209b446b,ES
5996cddab8,SP
aa8af66c62,MG
1690cada04,SP
385799a1cd,SP
42b729f859,SP
556a640983,PR
179d859f51,SP
934ed5cd1b,PR
be3b4b0f05,PR
6806dad1da,PR
9423134460,SP
446cc09cdb,SP
47efca5634,PI
00ab3eff1b,SP
71271995e8,RS
a435b009cd,SP
11938fcc75,SC
9b76ad3d04,SP
d7ab82074b,SP
9c0e69c7bf,SP
94d76e96ee,SP
52f976b17e,PR
4e326052e5,SP
3586b8580d,SP
6edacfd9f9,SP
52831e5990,SP
9e7c5f4d77,SP
4677a5437a,PR
3e8bd881d9,RJ
4a1917ef99,DF
334cab711d,SP
9dd59e43f0,PR
ccf8813e5a,SP
8d956fec2e,SP
e5a3438891,SP
f9f68daa2a,SP
138dbe45fc,SP
5058e8c1e8,SP
cd2169d9f3,RJ
15aec03fe4,RJ
9674754b5a,SP
c161d1327e,SP
4d232b78ab,MG
23ff42c4bf,MG
d3dcf0604e,SP
49067458c6,MG
dfa0c4c622,SC
35281d148d,SP
76833248bb,SP
48e5ee06fb,MG
2cb6eb1b71,MG
0f7eea709e,SP
54583ab379,SP
51e0557bc7,MG
0bebbb2cea,SP
9da1ca0bef,SP
6c7d50c24b,SP
3faf68a3b0,SP
05feb94f19,SP
f650a9708f,SC
5cbbd5a299,PR
07d75e33f2,SP
8a8835a43b,SP
ca3bd7cd9f,SP
323ce52b5b,SP
ebd1417732,PR
76ea5315ac,SP
4b1eaadf79,SP
4cc43a222a,SP
bc503e244f,SP
b6f52e3461,SP
70125af26c,GO
c84592044b,SP
1caf283236,RJ
ba90964cff,SP
5e9f5bd34e,RS
15fa791d5e,SP
20d83f3ef0,SP
59417c5683,SP
a13580f0e8,RJ
ccada0ef50,PR
4bde6149c1,RS
fe1bbc5fed,MG
23a0ffca14,SP
32b8764b4e,SC
e7df4cd29a,SP
0432ead42b,SP
7e959205ce,SP
2a261b5b64,SP
f680f85bee,SP
3785b653b1,PR
d379f449f2,MG
7ea5bfa6c3,MG
dc120d932d,PR
6902157ee1,SP
f3041c2e75,MG
c54679b132,SP
d26aa40b90,SP
a2fa0bdc79,SC
bd697db56f,SP
2aafae69bf,RS
483ca627d1,SP
1a3df491d1,SC
e81e1f9c3e,SC
4170f6a936,DF
4e480be820,MG
6560211a19,SP
3da38366e7,CE
e3e290b389,SP
70b52a4cfc,SP
c1552b1dab,SP
5968496224,SP
e6ffc9ac6a,SP
bf00457913,SP
718539d38d,SP
b76f4d90e8,SP
979e9f8b5b,SP
22a23e5ac7,MG
0b90b6df58,PR
9200e6ce31,RJ
4c60877808,SP
3bb32fedaa,SC
ae8bfdbf1c,PR
1927cdb9fa,SP
8a87611c08,PR
679769a98c,MG
acf974e4d5,RS
20a7efa972,SP
febab02752,SP
f3da5b2ff4,SP
436bf27f2f,SP
d2f3e27756,SP
cd843d4cf8,MG
67883baaae,SP
7dc9a3355b,MG
05e107217c,SP
1acde099eb,SP
d97df38225,SP
45213867ce,SP
61b893c57e,MG
a420f60ff1,SP
ff4ea69c2a,SP
fa5fdc4e4b,SP
916748bc99,SP
bc2ac6b95e,SP
25debeafbc,SP
02c988090b,SP
e5f9e61ceb,SC
ad97a19923,SC
3606774ec6,SP
94165aea8a,MG
c8665a4dd0,SP
c7dcd301ec,MG
6c17baf138,SP
50c361bcf6,SP
32e5635e63,RJ
c1f12f926d,SP
8602a61d68,SP
c3acdfac4e,SP
fde0cc9ea2,PR
e63e8bfa53,SP
c4f7fee5b0,SP
d7485b3379,PR
515d781150,MS
e908c0f364,SP
2646baaf66,SP
13fa2a6c6b,SP
5343d0649e,SP
7c9130f5f3,SP
e4ebd3f87b,SP
33a17d60c6,RS
640e21a7d0,SP
d57e18d5f7,SP
dd2bdf855a,MG
9d213f303a,SP
aadfe0417e,GO
079d295dcb,SP
55c26bcb60,SP
cbf09e831b,SP
7fdb0720c8,PR
933446e9a5,PR
3f8247d0f7,SC
e46bc031f2,SP
4aba391bc3,BA
fcba71d4d5,SP
c747d5b92c,CE
715bbd5ba4,SP
1430239a85,SP
bb7a14e229,RJ
d598f929fc,GO
edc518ba25,SP
4c18691b60,SP
8f2b51a305,SP
6b536a2308,RJ
95f83f5120,MG
6b243f80ed,PR
e7f3bf1ecd,SP
4d600e08ec,PR
2089a6d640,SP
2a167ca738,SP
458c6fa920,SP
7494d0dcba,SP
698f5fa55a,RJ
4f0d637c11,SP
3969863bb8,SP
2a5b78b41c,MG
1f7dfad2cb,SP
08f5819815,SP
b32be1695e,RS
b94cc9f10d,RJ
53243585a1,BA
6df688df54,MG
7f40d06aa0,SP
dd88d13bea,RS
72c38a04bd,PR
9e17b9d646,SP
b5bb2b9852,RS
b1fecf4da1,MS
7b1222c362,SP
e595809a6c,SC
ba6b68b55f,MG
b8114f2f58,SP
83d7070a0b,SP
570d458358,SP
9591fc341b,SP
0af9776923,SP
b33aaadd1a,SP
5d9dc90a68,SP
cc80e2f693,PR
dee656f0f5,SP
ace601496e,SP
d673a59aac,SP
966cb47605,SP
d4a5e99e0d,SP
6bcb2352a2,PR
2c2c9832d1,RS
f3b80352b9,DF
b452cb0ae3,SP
0307f7565f,SP
ffeee66ac5,SP
3bfad056cf,SP
9aa388272e,MG
74bafed391,SP
2b03ac196f,SP
0b64bcdb07,RS
0bfd0b4342,RJ
92d14edfb6,SP
5e105f5c9f,SP
2fb25ab44b,RJ
ed4311e67d,SP
5bf397d040,SP
f9bbdd9765,SP
e3e15e2c0b,SP
a5bff0f43e,SP
f52c242290,SP
14f2b35871,RS
1354d51653,SP
eaaa46e98c,RN
5b66459489,RJ
bf00385a5f,SP
391bbd13b6,SP
c714262700,SP
bcd2d7510d,PR
ec4608a1f7,SP
5c603ffb38,MG
2bd05d410a,MG
4dab98ca6c,RS
293dee9542,DF
cd68562d3f,SP
082e0bf4cb,SP
c286ec035e,PR
dd8a29ce82,SP
41da412d33,ES
782f78b632,SP
28405831a2,SP
fe19dce63a,MG
a67780aba9,SP
d594982fd8,SP
dda3707180,SP
5bc55dbe2f,MG
b1b3948701,SP
4e92348462,RS
6e13dd869a,SP
723cd880ed,SP
00ee68308b,SP
1fbe10c70e,SP
001e6ad469,RJ
685b870da5,SP
701938c450,SP
f3862c2188,SP
f5f1f2c5f9,SP
cf8ab16160,SP
160851d3ec,SP
61c36f0fc4,SP
59b22a78ef,MG
553a440137,SP
ea8482cd71,SP
72bc2cce90,SP
65c255b299,SP
f09e26011d,SP
72c73be2b0,SP
c2bda99904,SP
3d4824f200,SP
042573af89,SP
5b925e1d00,SP
06bb3a2fe5,MG
5f5a58930c,SP
fe2032dab1,SP
3092c0b297,SP
c004e5ea15,SP
8629a7efec,GO
1c56ffe0e9,SP
74a9b9bddf,SP
1cbd32d00d,SP
850857dfac,PR
e0a366315b,SP
4049512728,MG
120476eb7a,RJ
cd6efc47ef,RJ
2a7c6c0b0d,PR
4e17c65a51,SP
a8739afb32,SP
d4828feed4,CE
e3d3b3efac,SP
d558ebe531,MG
c7a0a13cbc,SC
33ac3e2864,SP
8936ba0de1,SP
18a349e75d,SP
a72c2f5933,RS
b55638ad52,SC
be9a160a90,SC
ed859002ad,PR
12b9676b00,RS
ef2fbc2b60,RJ
a080fc8a85,SP
9c57bc60cf,PR
9539213aa8,SP
69a43819c7,PR
8fdca8e349,SP
0bb2726362,SP
08061dc0fc,SP
4ebdc7e6cd,SP
f918546be4,SP
eb4a59a06b,BA
80146bc52c,SP
4091f77d8c,SP
0dfbed2006,SP
26bad72add,SP
e174dc2de8,SP
612170e34b,RS
2a84855fd2,MG
cf2384dd2f,SP
377bc18334,PR
439a47cc36,SP
6ba4733aa3,RS
4b39558c13,SE
4b9750c8ad,SP
278b6e0b20,SC
ba8e85df28,SC
2059c39f76,PR
5a05a16bb5,RS
edb65fe661,SP
8cbac7e126,SC
fdb9095204,SP
0cab2da437,PR
5b97c06a04,MG
aae3bfea05,SP
866558b3bc,PR
cb5df0dcb9,SP
9bcdfa7b61,SC
271c58a1d1,SP
2dee2ce60d,MT
a154d7316f,SP
f84fa56603,SP
4c1c728138,SP
2063dd1b9f,PR
9cea4682e1,PR
b1ac6ea789,RS
851773c885,SP
0ff83046c3,RS
2b2fed75b8,MG
9f50216bfd,SP
2d518637f5,SP
aafe36600c,SC
efff9341f3,ES
a7d0f8dd44,SP
5b07547f10,SP
a99504ac23,SP
5882820ef1,RS
7357b52d27,MG
180c3376af,SP
b4b447d715,SP
5e25c632f9,SC
f4c4daa86e,PR
398cb25732,BA
4003520d80,RJ
3289d8c3ee,SP
b0f2a6122a,PR
6c1b6d0c60,SP
c4af86330e,SP
a888faf2d1,PR
681fce9143,PR
31be790e64,SP
7b3447b497,SP
e560e4022d,MG
2f9b7ce230,SP
41b39e28db,SP
809413606d,SP
609e1a9a6c,SC
c3e2398fcc,SP
740205fedf,SP
c79151301b,PR
3e46a38ee1,SP
3d4b1ae753,SP
bdf0d02d36,SP
65a7c0788e,SP
d7f1cfc638,RJ
001cca7ae9,ES
7f35f9daf2,SP
2eb70248d6,SP
6061155add,SP
8b87cd0d43,SP
52a50b42ac,SP
c6bda72e4d,SP
270572bb71,SP
16bdc8cefd,SP
4a82c4af97,MG
3985a3c45b,RS
07e8e8fc52,SP
cd06602b43,SP
8f0fbe2cd4,SP
f44b6f775a,SP
365e4bce19,SP
2e0dba2da4,SP
e882b2a25a,RJ
734def04b2,SP
28c7d8743f,SP
9baf5cb779,SP
e3dd723429,SP
f4a04f7be4,SP
dbc2212516,MG
bc302730ea,SP
e64ddbe1cb,SP
56e361f411,SP
048c275753,SP
bdb3edbaee,SP
b127efdabe,SP
951e8cef36,SP
33d677f27a,SC
b88e7c57cb,PR
1967a9e2ad,SP
9da15f4a4e,SP
d91fb3b7d0,SP
749e7cdabb,SP
3d5d0dc707,RJ
688756f717,SP
56a8b450e8,SP
9b00ed88b7,SP
4be6b962d8,SP
c13fb473e7,SP
17998cf586,MG
c88f62b4c3,PR
c864036fea,PR
8d899e15a5,SP
79565f7d56,SP
ba143b05f0,SP
4e0d109ccf,RJ
89dda63a3c,SP
c522be04e0,SP
5f5b43b2bf,SP
87f3e35268,SP
c5e60e39c0,SP
bca9230d3b,SP
4bc3d93e4a,SP
6e864f5c46,SP
7bcd7c5f86,SP
8b2d4ab22f,PR
d9bd94811c,SP
e70053bf73,SP
dbd66278cb,SP
e7d5b006eb,SP
6c9875b2f9,SP
d63f306de1,SP
2f74af7a0e,SP
c7fdb77fdb,SP
04fdea0c11,SP
63b464dbf3,SP
747c1cdcd1,SP
2b402d5dc4,BA
9c068d10ac,MS
7c67e1448b,SP
9ef932e837,SP
d8bf0fc082,SP
66dc1b1632,SP
a7ecf689b4,ES
939e6227d6,MG
db1f0f7c7e,PR
91f0eec23d,SC
edf3fabebc,SP
b335c59ab7,MG
c241730654,SP
01fdefa769,PR
d9e8c084b6,SP
466222e777,RJ
43f8c9950d,SP
4450bd8327,SP
257e61d325,PR
5d76d80a2f,SP
e5def42655,SP
091065b789,RS
c74f14c1e2,SC
c26a2be5b5,RJ
cfa5ab0e4d,MG
19d62d484c,SC
6750d71153,RJ
c60b801f2d,SP
b57e846090,RS
eeb6de78f7,SC
abe021b01b,PR
5305693ffa,SP
f049a72cf5,SP
e51f22821f,SP
a2a41aedb7,SP
4bf2f4ee54,SP
c0e0b73d03,SC
19484c79ce,SP
25e6ffe976,SP
9dda5bbacd,MG
2528744c5e,SP
b8d890108a,PR
2c9005d804,ES
062c325cd6,SP
1d8dbc4f32,PR
fc906263ca,MG
1d2732ef83,RJ
626ab1cd96,SP
a70e9066db,PR
ce69a8021d,PR
9596c87088,MG
4b98b0428f,SP
1da366cade,MG
a3082f4425,SP
a56a8043eb,SC
1847257379,SP
3820c6537b,SP
244b04680f,SP
e96498ed8d,SP
5741dc2bf5,SP
ad781527c9,SP
b5e3e38609,SC
bacb1f0ed5,SP
980640c45d,SP
ae45ad30c2,SP
2cb98e27ce,SP
2156f26715,SP
de0c788245,SP
128639473a,PR
0791d9fc1e,MG
7a24194744,MG
cfd7ddab72,MG
0e72c1a751,SP
7e1fb0a3eb,SP
376a891762,GO
90b36c5aeb,SP
e76ecc7e9a,MG
1dfe534701,SP
528bcf6680,SP
f114dca282,PR
33dd941c27,ES
5798916171,RJ
48985c6152,RS
25c5c91f63,MG
f205b1a3ca,RS
d2374cbcbb,SP
ef728fa1f1,SP
1eade46fba,SP
b9de031b67,SP
6f835fd4be,PR
c9a06ece15,DF
6b26123384,PR
40d54b51e9,SP
70c27847ec,RJ
b98b715fe9,SP
0b1ca3ef18,SP
37ceb404da,SP
05d2173d43,MG
661ad5fcc2,SC
999f6d9a1c,SP
101a3a0035,SP
b839e41795,SP
a20d8058c8,SP
6824a69c9e,MG
058cb5aeb3,RJ
48efc9d94a,PR
218f991754,SP
5dc4bdaf86,SC
9261d76c62,SC
a3b0df0065,SP
37dd29b36c,SP
077c5fae4b,SP
0dd184061f,SP
5b35136197,RJ
60562ab00b,SP
1d29dfba02,MG
ad273c9eb5,PR
7813ea3ebd,SP
559d56f3b8,SC
57df9869a6,MG
777a0c5573,SP
2aa3443d7b,RJ
c3867b4666,SP
0bae85eb84,SP
35fb511489,PR
df91910b6a,SP
7e3dde9ffb,PR
dbdd0ec73a,CE
8ff38bc396,SP
6e1862e15f,SP
058fd0aa2b,SP
f615fe7efb,SP
aa1eb17b9f,SP
07bf9669d8,SP
08633c14ef,SP
b039856823,ES
f419677537,SP
e88c9b79e5,PR
70bf57d811,SP
8c0de775f5,SP
7a91bf945c,RJ
6dc9bec584,SP
b19c486888,SP
5b8154610e,SP
bb2afe2061,SP
1cbdc7cf13,MG
fb89df7f89,PR
b18871c324,SP
17ca9b9e9b,MG
3f0e48d209,PR
9add47bf45,PR
acce39e832,MG
397c4d0c00,SP
b2c9707464,SP
f262cbc1c9,SP
c113b8df1f,SP
bd65d163de,SP
720e6cf846,SP
8f580d36c1,SP
be7a093e5b,PR
cb4a705d00,SC
f266295f49,PR
31eec405c9,ES
6235903333,SC
c360e47876,SP
1e47d8b654,SP
cf1313c6e2,RJ
14ee35374a,SP
8fe8786ee0,SC
e72b4feb7a,SP
373ee4a3a7,RJ
432c37c9df,DF
daf565f087,SC
ea3ebea531,SC
1fe61aa549,SC
e9511df20c,SP
4c8545742f,SP
27a56ff04b,SP
888faa8bfb,SC
0aa2205ca2,SP
432c67955c,SP
d8c7ba53e7,PR
8a43128d7f,SP
7cb946b1ad,MG
6338ea67c4,RS
6c12e40690,PR
65febd49fd,SP
9a84ba99f5,GO
954e95f208,MG
fb503a924a,RS
4ba52dfeba,SP
5b581417df,SC
d0d70d21e2,PB
c7c7b2682c,SP
06e5eefc71,RS
28ea411b35,SP
2a6fbeaa7a,SC
77fccaae31,RJ
3fadb4cba4,RS
1987cd4be1,MG
aae5e7b457,PR
2d22fc3089,RJ
ff1fb4c404,SP
817f85dbb6,SP
2b5ed0c913,SP
86bf77bdb5,RS
9b15857526,RJ
9b00cad94e,MG
6860153b69,SP
903037660c,SP
f08c008c8a,PR
bf3c6d2a28,SP
e99e927c81,MG
49cdc90518,SP
066a6914e1,PR
3cfa1358a6,SP
6d66611d7c,SP
e48cc16ab7,SP
da20530872,RS
3d8fa2f5b6,SP
57d2ba47f7,SC
76d5af76d0,SP
729f06993d,SP
9e9b539eb2,MG
fa18c782a4,MG
b77a27b186,RJ
41c9d3997d,MG
700f03c207,SP
762fafdaa5,SP
50770d2576,SP
b3b17aab11,PR
b19f3ca2ea,MG
6179a28a13,MG
cc419e0650,SP
0df3984f9d,MG
7008613ea4,SC
7f152321c6,SC
c4fb51fb1c,PR
52ac6f920b,PR
7d7d2b7a51,SP
9e94fa26a7,SP
eddd1991bd,PR
994f04b371,SP
3f3486b61f,SP
5db42a6cd9,ES
a06c8ff043,MG
6b3bd31ad8,RJ
977f9f63dd,SP
2c43fb5136,MG
910a922b42,SP
d944204213,SP
da2782c804,SP
ce248b21cb,SC
5b0cc93243,SP
7ff588a03c,SP
08cdbae123,MG
77dcbb67cc,RS
7ad32824ca,SP
de722cd6da,PE
70849ca4f4,MG
b16d3dadc4,RS
5c3460cd3e,SP
22c32ec35d,PR
8d46553a36,SP
45ba18c210,SP
10cdd491d1,MG
dc317f341a,RS
fe9d9cf863,MG
d93844a9c5,PR
52b53f7061,SP
1b8356dabd,SP
43402bdf22,SP
c4b911d063,SP
f44bdc12aa,SP
9bf11dfc0b,MG
13f57c12a0,SP
54c04bdb5e,SC
b5dd7151a9,SP
447d377bdb,RS
52562a9f44,RN
2a73cba571,SP
3d2400ac62,SP
968268a686,SP
7c46218458,SP
3ea00e1dea,PR
54965bbe3e,PR
4965a7002c,SP
2d8cfba3fc,SP
6039e27294,SP
b45d7ebfb7,MG
e2a1ac9bf3,SP
bc07d855ea,SP
3492e68f37,SP
93bef6edaa,SP
05ff92fedb,RS
68f86ba270,RJ
aeb36d67f1,SP
916c9de0b5,PR
c68fb906c8,SP
53d00c40e3,SP
93dc87703c,MG
10076e5788,SP
804287717b,PR
4dc646b9b9,SP
e9c6969d40,SP
bd0a1b0aad,SP
340636a908,SP
cf654707ed,SP
01c97ebb5c,SP
f0b47fbbc6,SP
bd149ed516,SP
3dbbce181e,PR
06532f1028,PR
1127b7f259,SP
cd52a8efd7,SP
79ed755314,SP
2c9e548be1,SP
bc47d5d149,SP
7caa63f175,SP
de66a66f2d,RJ
fec6275253,RJ
c31eff8334,SP
c87abc38c8,SP
07a9bc7f61,SP
822166ed1e,RJ
a45314082d,SP
98e164d549,SP
59bbc819b9,SP
2e3be8a987,MG
b6c6854d4d,SP
f1b9367350,SP
bbd3acfe6d,SP
b3f19518fc,SP
b2ba3715d7,SP
b410bdd36d,GO
31344c1688,MG
4e42581f08,SP
9a208dee8f,RJ
d58d521f37,SP
0aea4c6ae1,SP
b3809b8d43,SP
fcb5ace8bc,SP
6a0cbc8af2,SP
1b0b0f4f95,SP
70126eecc6,SP
cb0b3bcf14,SP
8931a84a91,SP
7681ef142f,SP
3771c85bac,SP
7ddcbb64b5,SP
02b72cdeb9,SP
3481aa57cd,SP
a218df5c09,SP
bd0389da23,DF
af3ef48d0e,SP
855668e097,SP
77e4abfd73,DF
bac44fa8e1,SP
863d2ebcd3,RJ
1c68394e93,PR
95b293867b,SP
e62b2d6ac1,SP
f63d8f293a,SP
7a425d2996,RJ
6bb0724edf,SP
112453736d,SP
f593898ec7,SP
96f7c797de,SP
77530e9772,PR
297d5eccd1,PR
191d55f7ed,DF
ff69aa92bb,SP
5733d80666,SP
65b081a070,GO
edf96ef93e,SP
6a8b085f81,SP
f329542833,ES
75fbb52eda,GO
e5d4b2b0c3,SC
6187a137b2,SP
062ce95fa2,RS
c200c73f9d,PR
2ee0a0689f,SP
a08692680c,SP
dd533b429f,SP
582d4f8675,SP
74636e24f0,SP
09bad88611,SP
9414454185,RS
bf84056e67,SP
21c62b998a,CE
02d35243ea,RN
1c129092bf,SP
a1040efe9f,SP
2d9e8987a2,SP
fdf736c18c,MG
e433f5fd40,PR
b01c2b7b85,RS
bb5d956dec,RJ
3afc536624,MG
8090490573,SP
26d6bbee02,PR
602044f2c1,SP
b347677812,PR
d94ba08b99,PR
880ce4951c,MG
b499c00f28,SP
7a2d2949ae,PR
fad4495271,RJ
f1ed6bd0a9,RS
624f4ece8d,SP
95e03ca3d4,RJ
1771297ac4,SP
1d503743d2,SP
fc5a0d7a31,SP
e1bed63d68,SP
73da1880b3,SP
df560393f3,PR
253f95b3a0,SP
834f3294fb,SP
6c177e38df,PR
08d0949a9a,PR
11fb6f6d34,SP
0484380594,RS
e3b4998c7a,SP
a37c340b91,SP
e628d4a53c,MG
381c83fdca,PR
6fd52c528d,SP
189ca3538c,SP
20cb7c2fde,PR
7e79d65b5c,SP
fd435faa3c,PB
6bef34c5be,SC
ae9690c6e8,SP
f7720c4fa8,PR
5bba18b40e,SP
7b7f91e98f,SP
4c2b230173,SP
a23266650e,RS
d2df778223,PR
8fbd63429b,SP
ac6417315a,SP
81336a0f57,SP
02f623a8eb,SP
56db5c0782,SC
29fe9f200d,SC
271b8923c6,SP
4e06067cc0,MG
ec933281fb,SP
49e7217cfe,MG
34f563c82a,RS
4ddeb3e828,SP
90d4125885,SP
3a734b715d,SP
f5b84683a9,SP
392e050223,SP
5d0363b335,SP
6e85dc5ecd,SP
417a1e6c73,RS
013900e863,PR
c157bdeedc,SP
fa3a0b5aab,SP
88cf19ec1f,SP
c13ef0cfbe,SP
fc908879b9,SP
c679fb69a3,RS
17a053fcb1,SP
2d34636518,SP
d79e8478ee,RJ
458d868c96,RS
41b14765bd,SP
e439f7176d,SC
7f2617c58d,SP
cac63f48c3,SP
04ee0ec015,RS
f00e21b1e9,SP
9140ef75cc,PR
79a679c36c,SP
cc5a78bbad,MG
6eeed17989,SP
b5f0712d22,SP
3f9c56764f,RJ
efb628aa07,RJ
4e922959ae,SP
47648caee8,SP
ca4b77513a,SP
7957cac1a0,PR
4cc4fd4fdd,PR
b8630e1121,RJ
cfe94489dd,SP
9cf787a239,SP
2a50b7ee5a,DF
d297f1055d,SP
2c3d56f92f,SP
3442033154,SP
78744a20ee,PE
c990d6cf97,SP
94e93ce877,SP
b566ab0ef8,MG
d9cb0052a6,SP
a89e143d52,SP
1f2eebc0e9,SP
941554c575,SP
8581055ce7,SP
a9ae440659,SP
c963a25b86,RJ
9485a23c04,SP
0951a6e282,SP
52f0fe436a,SP
9c7fd21e0a,SP
c33847515f,SC
8b8cfc8305,PR
2c00c85d30,MG
d4e4b5192c,PR
ade45994b7,PR
bb5bd94c8f,SP
b05b432bf6,SP
2a7dc43cec,SP
578fa3a9cb,CE
615c346209,RJ
a3f0b55de5,PR
6d7f8d9d59,PR
7b7ed56ae7,GO
4fae87d324,RS
ea56616462,SP
821fb029fc,SP
d6ab728cf3,SP
1a932caad4,SP
173d56ffbd,SP
2be17df1c4,SC
f7c31656c1,SP
6025c79c03,PR
c6381d2d01,RS
c500367424,SP
19e0f40a90,SP
ecccfa2bb9,PR
c66dccfb3f,SP
d921b68bf7,MG
929f342384,PR
e256a62e0a,PR
b5b800c406,SP
c8417879a1,SP
8dfbc5ff27,PR
e732329483,SC
989becdce1,PR
9f56a7a649,RJ
c4d5119548,SP
98115075dd,SP
2305ab43e8,SP
2528513dd9,SP
64c9a1db4e,PR
44ed138eca,RS
ce4755084b,SP
3e51f9cbe3,SP
204b4e07bd,MG
921323538c,SP
1464afc72f,RJ
77a515caa3,SP
32fdd5d44e,MG
4b0fdb5265,SP
1cd9e0cc18,SP
7fc87cc3e8,SP
0c7f30ae9b,PR
e09887ca8c,SP
318f287a62,SP
52bb00821b,SP
acb6c2ca5c,SP
26e2e50338,SP
55dedd83e5,RJ
5b179e9e8c,SP
ffdd9f82b9,PR
4eeb99008a,SP
f3511c85f5,PR
60da8bfa7e,SP
2c538755f1,MG
cb41bfbcbd,SP
2379bdc388,SP
5ee7fd217d,SP
a414555ce3,SP
92992bec39,SP
834f8533b2,SP
b5f49fe968,PR
b26741d31a,SC
f7315bb81a,SP
8e2b3afb42,SP
8fff28c426,SP
0ddefe3c7a,SP
730937bf88,SP
cc3d141168,PR
5dc203c7b8,SP
440dd6ab24,SP
66fd84ee75,RS
fec6912baa,SP
666658b8da,SP
f3c38ab652,SP
90b57083da,PR
45d33f715e,SP
1bb3812d5f,SP
c33a5c3c98,SC
003554e2dc,GO
16090f2ca8,SP
5659d77e8d,SP
b561927807,SP
28d162ab86,SP
e06f09ec0a,SP
8c9348f33a,SP
da6a60cc8c,RJ
461ff5303b,PR
e82de6494d,SP
213b25e6f5,SP
78c99c6dff,SP
a36ac007a4,SP
a2e85714b5,SP
6b333a05bf,DF
56642bcb79,SP
41b86b552e,SP
1d0997ff06,PE
73b8eb4a9a,SP
a69aa24cec,SP
8ea394aed8,SP
8a13073701,SP
f682e0f848,SP
11742f8155,SP
8a40ae794f,PR
0936e1837d,SP
850f4f8af5,SP
4dc2e811a1,SP
343e716476,SP
e9729944ba,RJ
e0eabded30,SP
643214e62b,SP
0aa124728a,MG
ce27a3cc3c,SP
da4d149c0d,SP
0241d4d5d3,PR
272f092de6,SP
d1aa1ec083,PR
8e8a7ce9f2,RJ
d7827b2af9,SP
3935fe5fe0,SP
119d1aef1b,SP
9a1aea68d3,SP
a9b533a26e,RJ
5b51032edd,MG
8cc6a0e573,MG
c53bcd3be4,SE
f4db9b3794,SP
729b2d09b2,SP
18e694e0e4,SP
30a81d8cf8,SP
6561d6bf84,SP
e64d65bc8d,SP
3903c788de,SP
63191ead8d,SP
67bf6941ba,PR
897060da8b,SP
76c47a299e,SP
d1b9d4be4b,MG
3ea08c48e8,MG
389e45560e,SP
b81e3a6c86,SP
40536e7ca1,SP
b494891378,SP
09f952a5f5,SP
14d7985702,SP
2c4c47cb51,SP
b416191c98,SP
9616352088,PR
557f22c766,GO
968ee78631,RS
533d46c1b0,SP
1dd33b8119,SP
ac137bac82,SP
2dcf93836a,SP
51702dc2a3,SP
97512d3fc1,SP
f3975e8a41,SC
76d336555b,SP
f08a5b9dd6,RS
ae45df8472,SP
d197aa8fbc,SP
afa6714ace,SP
520b493b57,SP
9b1ab052f5,PR
bab0a8cd68,RJ
b83cedfb58,SP
0ef83d7d83,PR
d13e50eaa4,SP
37303482a4,SP
b2bdc5e794,SP
5c6d4016c2,SP
88cd3681e0,SC
da8622b14e,SP
fe26f3ecb5,SP
5151aea442,SP
9c351405b7,SP
13511db12a,RS
4b90495391,RS
b37c4c02bd,SP
5f1dc28029,SP
710e3548e0,PR
485452467f,SC
4d8809767a,SP
3ab971ce71,SP
9d4db00d65,SP
1dcfa38357,SP
6da1992f91,SP
d4f117125b,SP
1de62b6f2f,SP
30a2f535bb,SP
a36b125ac6,SP
1336efc61c,SP
620c87c171,RJ
ab91571efa,SP
63a79f5a7e,MG
070d165398,SP
b64d51f043,SP
9fc70243fb,MG
1cbcd2ee0a,PR
344223b2a9,SC
4c8b8048e3,SP
7a704e63bb,PR
88460e8ebd,PR
7d76b64548,SP
296729ffb9,SP
5f06030071,SP
c542f5a8c6,SP
d36b07fd3c,SP
46ef1a2584,MG
a61cc04793,SP
cac4c8e7b1,SP
cc63f0dd2a,SP
b29d338098,SP
a53f60f05f,MG
dbec9a0a7e,MG
8de8fe3af4,SP
aa762680c4,PR
5777196998,RS
13dd308f81,SP
01fd077212,SP
7a18884347,SP
cb32766839,SP
7aa538dd6e,SP
e0a3c37054,SC
0d4c8269e7,SP
3d68c634a9,SC
8fbe2ee446,SP
e0b162a693,RS
1f867308a0,PR
06a2c3af7b,MA
2e90cb1677,SP
9315e49148,PR
adbc26658d,PR
0ffa40d542,SP
d05ae8f7a5,RJ
508808d438,SP
28fb0829fd,SP
c794dab492,SP
1976a05ecf,SP
c70a353f02,SP
39d61be7a9,SP
c510bc1718,SP
8cf2143455,SC
edd066cd02,DF
cf281cf8b7,CE
392353362d,SC
1f7fd2a6fc,RS
c878515173,PR
77714512e8,SP
0eaa7e33d7,SP
bcf5566870,SP
3d01d1c414,SP
2e1c9f22be,SP
00fc707aaa,PR
52f6f9f13b,PR
83c8aafbef,PR
58e4b302b5,PR
d1c281d3ae,SP
33c51922b6,PR
f80edd2c5a,SP
0761743cbf,SP
0b46f78430,MG
7a9c12e235,SP
8629c241b3,SP
3ade81dab5,SP
562fc2f2c2,SP
7dc8c42cc7,SP
2475878463,SP
a35ef466c6,RS
651530bf5c,BA
f1c1ac3f3e,SP
df0f42bc4c,SC
40db9e9aa5,PE
68ca56ce86,PR
960945e1a9,SP
c00396cbdd,PR
8d92f3ea80,SP
c52c644cc0,MG
7e26c750b4,MG
5a8e7d5003,SP
6d1b9c9579,PR
20f0aeea30,SP
575df70bde,SP
5d3bb11474,SP
c35affa65a,SP
e59e489e2e,PR
7d94853595,SP
c7b7db6c8f,SP
1352e06ae6,RJ
3bb548e3cb,PR
ee2fbacc2f,SP
522620dcb1,PR
d32e3909cf,SP
e5c8422785,PR
ce7d188863,MG
693660429f,SP
2cb4700db6,PR
a4b6b9b992,SC
ff1e15b778,PR
820c7c9eaf,SP
85d9eb9ddc,MG
a673821011,SP
ebe3dabc49,SP
ca7c6bd577,SP
c8b3445d73,SP
eb5b6204dd,SP
4a5b36211b,RJ
2e1a7d075a,SP
973f21788d,MG
ba89796db6,SP
b9ec22de23,DF
79ee721b6f,SP
11bfa66332,SP
7d484ca289,MS
5160d23075,SP
3a1a1fec38,SP
141440cad9,PR
05aebce0b5,SP
dd39ad39b5,SP
695051e298,SP
dd55f1bb78,SP
ae7ab174ef,PR
9d7a1d34a5,SP
8c351ed7c3,SP
dc4a0fc896,SP
3a4127e1ba,SP
7c4402417d,SP
b9ca8e8baa,SP
3968920b9a,SP
9b522ba7ea,SP
539ed9e198,MG
e26901d5ab,SP
9d5604a1f1,SP
a6fe7de3d1,SP
aac29b1b99,MG
54a1852d1b,SP
88ae906ea2,SP
bba8d0c234,GO
c826c40d7b,SP
a425f92c19,PR
3c3017960b,SC
ab9db4cf53,RS
113e3a788b,SP
94c49f20a1,SP
1ca4bdb0cd,MG
d12c926d74,SP
71dc18fd8c,PR
b43d8b707f,SP
f235413f67,SP
985c92cc41,MG
038b75b729,SP
a4b8d97cd5,SP
ffad1e7127,SP
594f9aaa48,MG
eba88037e1,SP
01ed254b9f,SP
f7ccf836d2,SP
7e3f87d16f,SP
9140bd1d9d,SP
a2b911e9ad,RJ
a56e351445,SC
bb135baca9,SP
a353b1083c,ES
b56828a9f9,SP
6e0908ef4d,RJ
5d9f3746e1,SP
c8143b3069,GO
f5f46307a4,SC
58c851d1a3,SP
4830e40640,SP
dbb9b48c84,SP
8fb67a334b,PR
c6a7539d42,SP
72c5da2940,SP
e83c76265f,SP
a72f15980d,SP
ad738d3fcf,RS
0ed6ce5d87,SP
00d8b143d1,MG
fedf2c1386,SP
8bdd8e3fd5,SP
4391ea5c59,RS
38e6dada03,SP
6973a06f48,SP
e83e93b713,SP
9bade61a92,PR
6c6cc59a5c,RS
c6381b1321,SP
d29ba1220f,SP
226b05fe06,PR
578460d831,GO
328acb143b,PR
788f22bafd,SP
86ff3eaef0,SC
5f73005358,RS
0cbcee27c7,MG
20611af786,SP
1fa2d3def6,SP
3d2531eccf,MG
fcdd820084,SP
d8dd176509,SP
cb5ff1b971,PR
9b1f656ca3,SP
43a5d4a57a,MG
b1a8126056,RS
080199a181,SP
cca3071e3e,SP
788e857f31,SP
d51e0a403f,SP
b080809eaa,MG
7f7b8245c3,SP
8648b1e89e,SP
d50d79cb34,SP
f214d28e8d,SP
717b78b095,SP
aa2640d851,SP
ebd2d60905,SP
efcd8d2104,SP
6562efe88c,PR
400f221ab8,SP
530ec6109d,PR
a5259c1491,RO
f543ba3c97,SP
89f6922595,RJ
8b11118053,SP
6bb62a4912,SP
f9d010e393,SP
0525771517,SC
0adac9fbd9,SP
269cff2d3c,SP
402916f742,MG
443d880f15,SP
6d22a1fceb,SC
04aba03279,RJ
b39d7fe263,SP
ca77545ca4,PR
36890be00b,SP
7b0df942f4,SP
f26d70155c,SC
42fb44130a,SP
dd9661d3cd,SC
f27e33c6d2,SP
55d3daac7c,SP
659e8466eb,BA
1c40343cc5,SP
e3a386fc36,SP
c9aafcd062,SP
72431a818f,SP
184a67a8f9,SC
9fe7c6641c,SP
08ad4ac138,SP
6fc26fe110,SP
2f4b9d112b,ES
ab27bbbad5,SP
c37b2059d4,SP
f43827dd68,SP
e601b04acf,SP
98dac6635a,SP
3d39fbf22a,SP
a49928bcdf,SP
b12cfd2558,PR
a1bea7061f,SP
3c88ed2e76,SP
51ed72984a,SP
3ac588cd56,SP
606ce7768f,SP
6879c4d287,SP
ccbd753e68,SC
0d85bbda98,MG
4c61e37f66,RJ
b44dbfbf62,SP
d624126b92,PR
26d8a1c7c7,PR
e6a69c4a27,SP
6bd69102ab,SP
f181738b15,SP
4305fe9273,MG
4f1f1c8666,MG
7dea6f73af,PR
a0a14e5007,PR
bd4889b5e9,SP
0b3f27369a,SP
d5c530f488,MG
5ab05b6d86,SP
d4d99b60c4,SP
9de4643a8d,SC
3be6345535,SP
b906dd0e57,PR
ed46f1eb4a,SC
c8025364ab,RS
04308b1ee5,SC
457fe919b0,SP
f305548305,BA
0ac4201fda,SP
a2b5b6105e,SP
23d7c96d4a,SP
e883aa812c,SP
86bb7c4b53,SP
cb810bd318,RJ
c0563dd588,SP
820cc752a2,PR
e5475dcab1,SP
333c4210e7,SP
aded58c814,RJ
33a6f4b1e7,SP
91f848e9f4,SP
7a67c85e85,SP
5502952991,MG
b372ee768e,SP
d20b021d3e,SP
cf6f6bc4df,SP
a3b42d266f,SP
d63c73efd4,SP
dc7192adf8,SP
0ea22c1cfb,MG
be8e909810,SP
269c5fc9fc,SP
bbaff50f3b,SP
3b18f9856c,SP
db2956745b,SP
8fb791022c,SP
232a6014e7,SP
6614814a00,SP
59cd88080b,SP
fffd5413c0,SP
712e6ed8aa,SC
b5abf4f36a,DF
6dd7dce75c,SC
bbe87dce25,SP
99a25c39b2,SP
05730013ef,SC
0b35c63452,PR
c35672b10a,RJ
f5403d3f50,SP
f435898e49,PR
7adbd3210a,SP
d8cf3b6a21,PR
4ce8b55b4b,PR
5d043cd551,SP
7a073a40a9,PR
edb1ef5e36,RJ
761681a821,SP
3361277dc3,PR
519a7aa428,SC
3c7c4a49ec,SP
53b0300ca7,SP
822bad9bc4,SC
48162d548f,SP
88ef59b51b,PR
1992f8fb6b,SP
3fd1e727ba,SP
ea4e9ce63a,SC
45a3d05fb0,SP
c3fe93ba30,PR
9646c35132,SP
52a52b9f65,SP
36a968b544,SP
4b5f66b7ad,PR
ec21206b78,RJ
b1aaae6b66,SP
89ad3263c0,SP
af4a0e4cfe,MG
6f1a126303,SP
5f67c6082c,PR
5721089ba9,SP
1782ce2db7,SP
8160255418,SP
cee4880721,SP
8e670472e4,MG
633ecdf879,SP
05a940b4ec,GO
da7039f29f,SP
4c03b9dd4c,SP
a5a1bfcf72,SP
431050a06a,SP
40ec8ab6cd,PR
ffff564a4f,SP
bede56095b,SP
bbad7e518d,SP
a806a4bb06,ES
1b1ae47a31,PR
d9e7e7778b,SP
99a54764c3,SP
939f6e2312,SP
282f23a976,MG
427165bf50,SP
d03698c2ef,BA
e21a1e8be4,SC
1e26c56af8,SP
8f119a0aee,SP
fdaaf5bfda,SP
b274baf5bb,RS
bcc9dd23e2,SP
751e274377,SP
1fddcb7b32,SP
b1fc4f64df,RJ
4eb61f060e,SP
1d0646a721,SC
0ebd97a106,MG
63bc58679c,SP
101921376b,SP
f0ec78809f,SP
6219ba2359,SP
a7f13822ce,SP
4e8dacf3d3,SP
78a4d36f65,SP
c64a2aec32,RS
cb162c8eef,SP
fc6295add6,SP
f0e103c638,SP
5def4c3732,SP
80e6699fe2,PR
42ef3192a9,SP
a2deecd539,SP
9853a239ab,PR
f8e2c1b59c,SP
9c3c24eca5,RS
f524ad65d7,RS
aae5953b9e,MG
c003204e1a,SP
5656537e58,DF
503c1de08a,SP
b8bc237ba3,SC
7816cd9c5b,SP
213fafb0ca,MG
404e1ba013,MG
186cdd1b2d,SC
de23c3b98a,SP
fe49ee029e,SP
902c99f1ac,SP
94ca168e8b,SP
82921991ff,SP
77128dec4b,SP
4bf658053d,SP
e8a85b5f3d,DF
28f10b1c5e,SP
48bad45194,SP
2a61c271b1,SP
ba6ce6de45,SP
5dceca1297,SP
e1dc0754ba,RJ
39a5005f26,SP
2bf28e311b,PR
0e44d110fa,SP
3d871de014,SP
bf0d50a641,SP
51e4e89242,RS
86ccac0b83,SC
c97aa4ee74,RS
aac51c486b,SP
3340ef1913,PR
76de363de1,SC
58b98ccb79,SP
fc99f99385,SP
b74d1c09cb,RJ
1bb2bdb95f,SP
670c26e0f1,PR
c32fc744b9,SP
59de1d4c8c,PR
e64882b4ef,GO
1b65c144b1,SC
15ac3c501e,SP
f4aba7c0bc,SP
e0878efa0e,PR
03a2a6dcbe,SP
327b89b872,AM
e9d99831ab,SP
a45765f8af,SP
dc8798cbf4,SP
d9cd369bff,SP
240b9776d8,RJ
70f7e8018e,SP
d1e2fe6271,RJ
3f2af2670e,PR
bb3dca7189,SP
babcc0ab20,SP
eed78ac17f,SP
a2e874074c,SP
abcd2cb37d,MT
1703bc0997,MG
365e445f79,SP
0bb738e4d7,SP
3d290fe363,SP
325f3178fb,SP
8c16d1f32a,SC
f5a590cf36,SP
61f159ef6d,ES
1e8b33f18b,SP
59cea8e446,PR
8c5e007d7b,SP
1da3aeb70d,SP
5b67882648,PR
53e4c6e0f4,SP
039e6ad9da,SP
d65f31d241,SP
cad10cc982,SP
527801b552,SP
be67f78487,MG
8ca1551acf,PR
2ea0861cc1,SP
7202e2ba20,SP
0509040ea3,MG
20fd2d2080,PR
2039c5e517,SP
62de60d81c,SP
eaf6d55068,SP
e89c4adbe7,SP
2e2f44824a,PR
85ecf03781,SP
5c853bb56f,SP
bba74270a8,MG
e8ff5a6ceb,SC
835f0f7810,SP
702835e4b7,MG
4ea2f12dbe,SP
a066df7361,SP
bc8c8d665e,SP
5e106d93b7,PR
bd4431c1a8,RJ
bd4ff04377,SP
3076499bbc,SP
010da0602d,SP
4d6fb82c62,MG
5d505d2298,SP
5aaa890629,RJ
ad14615bdd,SC
7df1fc11cc,MS
238fac594e,SP
29c322e3f0,RS
134a288e7d,SP
33fd411ed6,RS
edb58a1390,SP
1e8c6a4c53,SP
07de60b03d,SP
f1ce5fdecd,SP
ede2977fba,PR
03bd479e1d,MG
31e60bf8d1,GO
83645b1645,PR
bdae679a9b,DF
5cf13accae,MG
a247197e2e,SP
249f0e9905,RJ
96804ea39d,MG
cd233f8bfa,SP
3986c0b54f,PR
5563732abe,SP
51f108f62c,PR
134b867a0f,SP
57c764b4a8,SP
2fa13c8bd5,SP
e627629ba8,SP
c72de06d72,BA
8d79c8a04e,CE
8060d73189,SP
4c4d546adf,PR
5a9c0859cb,SC
cecd97bc34,SC
9c3a1c416c,MG
8ae5202479,SC
ac3508719a,RS
15cd6eefe5,MG
4a3ca9315b,SP
478bfe564d,MG
6d988d6174,PR
ed49da7cad,SP
6f892e20a1,SP
4bfc7a4a1c,SP
acadd4d368,SP
034b938775,SC
a1ed30492b,SP
abbf6046bb,SC
901b460cdc,RS
81ed90f07c,MG
11eac105f3,SP
0725b8c0f3,SP
d1a5cc8447,PR
f35becee93,SP
634964b177,RJ
6624bc0978,MG
54219883e7,SP
5795aebfe3,SC
6e2d3e2dc8,PR
3078096983,SP
014d9a685f,PR
656591be56,SP
26562f211d,SP
bccf933e00,SP
12c2ed9cde,SP
961dff0a65,RJ
b33e7c5544,SP
2235cf78d3,SP
218d46b86c,SP
08d1c9478f,MG
dfc475d54e,PR
813348c996,SP
c394e193cd,SP
2745f79827,SP
6b803197e0,SP
bafc5aa11e,MG
44717f64ec,RS
b7cc6c5e00,SC
af7cdac9d9,SP
b3e2faf2c1,SP
670a9dda11,SP
3b15288545,SP
3e35a8bb43,SP
81783131d2,SP
29e6e05b65,MG
cce6ab8d16,SP
e1643dff33,SP
76623fde66,SP
5275ca25d0,SP
eb4df17aed,SP
10089e9f2f,SP
c398bc00a6,RJ
2f09f7d37a,SP
e58a5b390e,RJ
f41ce2e252,SP
8e6cc76747,MG
028872bfa0,MG
1710c3aaa9,SP
52d76513f0,RS
dace965ca5,SP
f5b4489571,SP
c8467937e4,MG
56f413900b,SP
3f8034bfc6,PR
4992e76a42,SP
265fdc289d,SP
0afccdb8a3,MG
02dcd3e8e2,MG
c9e5ad1f66,RS
02a2272692,RJ
f783a638e9,SP
0b18d63d0c,SP
3ef37b7ca6,SP
dd4d95ba2d,ES
7bb8fac291,SP
86649b1632,PR
8dd386be07,SC
deaadd8056,SP
5e063e85d4,SP
6e4f5ff6b0,RS
117cfc326c,RJ
d25aa0aaac,SC
c0e6839516,SP
119c7f1a00,SP
2953ce3a88,SP
bbf9ad41dc,CE
d7b2377bae,SP
57fe6232e6,SP
4da0e408c9,PR
8b28d09663,SP
82cb9f452f,RS
9bc484c87d,SP
c6218512d1,MG
d17f467e4b,RS
4371b634e0,SP
1b45169b63,PR
bd23da7354,SP
412a4720f3,SP
7238a95bb6,SP
26785a5469,SP
b7ed9fb14c,SP
a0d7fbb07b,SP
10264f60a8,SP
35857757f5,SP
538caafddf,SP
913fd0ebba,SC
b2eecf5ea2,SP
1c742ac335,MG
8f2ce03f92,SP
4d9fea3499,SP
d4e12e7884,SP
e24fc9fcd8,SP
5882f40daf,SP
26e2c91ef8,SP
53336f97dd,SP
fec8cd4539,SP
e116c7455d,SP
900ba814c2,SP
afe0067131,MG
542917da12,PR
35b9650960,RS
4a23adac87,SP
85cc55e048,RJ
2009a095de,SP
3a52d63a8f,SP
e9b6c33b71,SP
c458e2045a,SP
6601ee6383,SP
5a42369314,SP
258447aad3,PR
8a32e327fe,SP
0f519b0d2e,SP
d7d517afce,SP
ec5c1d94df,SP
31561f3256,SP
70c4eedec9,SP
4fb41dff7c,BA
d23019c84f,PR
ad8ada0ffa,MG
ce20a2ec15,SP
0f94588695,SC
3a79f35a23,SP
b586cd24c0,SC
2075d8cd4d,PR
0d83f8e031,RS
85044848b1,SP
c3251e13f1,SP
4a1f694197,SP
6ebf4eceee,RJ
0873d9f8f3,SP
a44fb5a447,RS
dcf3755cef,RS
4869f7a5df,SP
6bb66d9870,SP
1c5e4e49b9,SP
6a3139c7bf,SP
3751568800,SP
8fec2e4605,SP
1746c1ae87,SP
afac9f6b0c,SP
3be5841cdc,SP
0249d282d9,SP
23ca5f678e,SP
5eeb9c756d,SP
25be943a32,SP
818d28f936,SP
bfd938b22b,RJ
c12b92bf1c,SP
97e9956299,SP
ffa6adafb7,PR
080102cd0a,MG
5a6a02f419,SP
94b9108d4b,SP
0fe2d9733e,SP
154bdf8053,SP
b2ac621f0d,PR
9c54608f09,PR
17306570e7,SP
244c2f1bff,SP
71039d19d4,SP
54065e9aef,RJ
7ad41305e9,SP
25e47381a6,SP
4d6d651bd7,SP
24a6daf925,SP
f0563bacf4,SC
b76dba6c95,SP
1bc2e21de4,SC
b1204cfda1,SP
b4ffb71f0c,SP
165b1235e9,SP
8eb88b0acb,SC
9599519be5,SP
0417b067ee,SC
c26ba52cf8,RJ
e5cbe890e6,SP
974cf2cb8f,SP
3c487ae8f8,DF
4a3ccda38b,SP
876182d191,SP
33576ec541,PR
5b85809efd,SP
5566627eab,PR
e504a4e2ef,SP
056b4ada5b,RJ
1e483cc5c7,SP
9b1050e85b,MG
b248792ac0,SP
34056b8b55,SP
21d59342ba,SP
23c38debaf,SP
d9c349beab,SP
49f8d2ea7b,SP
bd1d49a326,SP
6861de0f40,PR
c9c7905cff,SP
aa17b35ce4,SP
0887a9f087,SP
abc015ebac,SP
00720abe85,SP
75d34ebb1b,BA
e5e33c0d8e,SP
8f54d64f28,MG
91f5779a87,RJ
13074f0169,RS
bec5682781,SP
534a01cc6d,SP
cd3d09fbe6,SP
57e632711d,SC
cb3dd9ce66,SP
094ced053e,SP
9906e7aa42,PR
1f1bb1f085,SP
4200ddf196,SP
ed9eef5be0,SP
139157dd4d,SP
c1849d4d32,SP
64b87978a1,SP
33ab10be05,RJ
bff9deb0ec,SP
3fefda3299,PR
236585a4dd,RS
499ec63c58,SP
6f83d9e4da,PR
35ef5aa329,SC
403aa86912,MG
ec8463980a,SC
c847e07530,MG
6c77cd583b,SP
5ef131ac72,SP
6cf476a4ca,SP
c447f8dd3e,SP
4736e9d642,SP
a5cba26a62,PR
a1bea9970d,PR
1025f0e2d4,SP
a5dd1946fb,PE
c5f7feb04a,SP
c3e1abd72a,SP
891071be6b,SP
491a5ada3a,SP
84deb80807,PR
dd58ee9328,PR
9558aa23f7,PR
3c4e0452bf,PR
ca5832c696,SC
668bf32153,PR
01266d4c46,PR
6c99c983ce,MG
6aa3928696,RJ
7d81e74a47,SP
f8d5c7085d,SP
7586919161,RJ
47f55702f5,MG
50a7e551a7,SP
ea17769278,SP
827f8f69df,PR
60ad151920,SP
59fb871bf6,SP
fa74b2f328,SP
52454f90d4,SP
a1043bafd4,MG
3338e7a071,SP
8378eb36b6,SC
f7df46c1e0,RS
3fac58ce0a,SP
debe6615cd,SP
baa49d93c8,SC
5ca5d579b5,SP
3b872fd474,SP
a4fc6eadaf,SP
7402d13c03,PR
6e4a902d10,SP
ff82e8873f,MG
92eb0f42c2,SP
f125f3a310,SP
72146da577,PR
b9c0ffa92f,SP
1d139e3a3b,SP
883dd81e82,PR
09883d9ab7,SP
2f1e7b90e0,SC
6bbcb8924b,SC
8e4f041ff5,RS
0ec28cec40,GO
5debea795b,PR
2709af9587,SP
bd43e172d5,SC
725c32fa80,SP
850913d59c,SP
7354220fb2,DF
e8b3a3a382,PR
b17b679f4f,SP
43a1d4bab7,PR
dd264199fc,PR
67225bff54,PA
baeda70473,SP
167fd940ac,SP
4ef4c39cf3,SP
ce616e1913,SP
a1474fd46f,SP
1b61fb1f0f,PR
2ff6b7bff1,PR
e4253cef93,SP
3a3c180dd7,PR
bce6a5ecf9,SP
ea65d8b583,SP
686886775c,SP
0a85ebe4e3,SP
1660ad786c,SP
0db783cfcd,SP
52f9db5cfb,SP
f307937c1b,MG
e88f7a2995,SP
b76a1f8356,SP
4aba6a02a7,SC
9449f25aea,RJ
431af27f29,SP
53088c75f9,RS
0f80a40c31,SP
544863df86,ES
78ef7e885d,RS
0be8ff43f2,SP
1835b56ce7,SP
2e13c71026,SP
0af2ab3114,SP
13d058e4ee,SP
e00d85ce20,SP
e48b04bf1a,PR
f67efa3f0b,PR
c273175f7c,SP
382229d1e8,RJ
f09b760d23,SP
5c243662ce,SP
38874e327c,SP
ab3e0c171f,PR
85e7c62c1d,SC
262237171f,SC
fd386aa7be,SP
b2f4d63c72,RJ
dd5450b022,SC
ff4e2d3869,SP
7963e546f3,SP
1588ac4010,PR
41c2bad722,RN
8b655f0855,SP
a213f1bd64,PR
1b7e5006cb,SP
4559697a8f,SP
4867209cb2,SP
19a7c9f66f,PR
6fa9202c10,SP
20d53aad4f,MG
42fa4ee724,RS
c8660dcf9b,SP
253c025bab,PR
7ecd59e5e2,DF
c026ef0d72,RJ
0b09101900,SP
e8f6dc8e6a,SP
128f9bfbe4,SP
a09a13f18e,RS
81a1104df0,PR
3f84fefc07,PR
750303a20e,GO
f8db351d8c,SP
0743a0239d,SP
131fcb0a0c,SP
1838dd9b89,MG
1b8b75e227,SP
eb1bf309f4,SP
5d378b73ab,SP
39d54ff918,SP
353e21e8bf,RS
5b33b527da,PR
c9d2ba8dde,MG
d149de2f38,SP
bf961104a3,SP
1ca7077d89,SP
89a51f50b8,DF
3a490ba60a,MG
455f46ef09,SP
651fe66032,RS
6d04126aba,RJ
3febca5265,SP
d566c37fa1,SP
62d977e2b2,PR
010543a62b,SP
7178e1eaa9,SP
2199e7fe21,SP
984c273121,SP
2b3e4a2a3e,SP
feb793c88d,SP
e333046ce6,SP
5a413ade68,SP
5a425cc503,PR
9535a841ee,SP
8f78f09030,MG
9803a40e82,GO
43b2c86425,DF
83e197e95a,RJ
17908cf9b4,GO
17eea220a4,SP
270297ead4,SP
5f0057b677,SP
8185694b58,SP
17f51e7198,SP
2addf05f47,DF
b67d6c666e,SP
ead2bab708,MG
fa14641f57,SP
d1582f4043,SP
d263fa444c,SP
f35b3c613c,SP
655220df33,SP
ad8b531ae6,PR
499185655c,RS
44f091b5ab,SP
7210cd2972,SP
f4ce8ca9fa,SP
0570350b23,SP
de9727ca37,PR
d3891911c2,SP
70a12e78e6,SP
2eeb6531ee,SP
c1ed9e3daf,SC
d101c6da91,SP
a00824eb90,SP
0015a82c2d,SP
808d4348b9,SP
fb3cfbc8a8,RJ
80ceebb4ee,PR
2d2c62bef4,SP
7c51de0ab2,SC
c1d1ebb474,SP
8def3db7f2,RJ
ff063b022a,SP
82bd0703a4,SP
7fe21dd00d,RJ
7ab0dd5487,SP
12a8eb0f8d,SP
beadbee309,SP
bc39d8938f,SP
fd312b6bf0,SP
df683dfda8,RS
25cf099de4,SP
7139dc5186,SP
d94a40fd42,MG
406740ee61,ES
6bd503a823,GO
6576fd3e23,SP
0885aaf116,SP
6288c69c4c,SP
dfc5fb7259,SP
41958cbd33,SP
3a3e46d10f,SP
2d2322d842,SP
e4fc40017a,PR
5a9b3bcab6,SP
2bf6a2c1e7,RJ
7c4618c822,SP
06579cb253,SP
8ab42aa580,GO
4978a02ea9,SP
8e29d051f8,SP
ccb83a7947,SC
612a743d29,PR
cb6c9f5888,ES
c12d7463a5,SP
fe701d88b6,RJ
46dc3b2cc0,RJ
fedaedd3ca,RJ
dbc51f5e45,SP
81f89e4226,SP
630008e0f0,SP
58f1a6197e,MG
df56d7b40d,PR
165fc07bee,PR
0691148aee,PR
cac876b37d,PR
9ac4f14370,GO
70eea00b47,SP
282c748017,SP
c840d3fdbb,PR
4f40d2ed38,SP
9cad4b68bb,SP
dbbcfe2c8d,PR
2fdde51ad3,SC
7040e82f89,SP
83a75eea11,SP
a1544b9ea0,SP
b8a0adc91a,SP
20b54c376b,SP
5415337f18,MG
e0482f2c76,SP
3fe7120d62,MG
7daca0837f,SP
d66c305afa,MG
a5ff20ff76,SP
adbe70ab2c,SP
74c7dec0a3,SP
42bde9fef8,DF
89bc797e2e,SP
f9eedec312,RJ
6692290271,MG
32f1bb9dfa,SP
05f51e13da,MG
c43d924a0f,RJ
91543f9849,SC
3ded4e2d5f,MG
7d456afc66,SP
1900267e84,SP
4ce6e5f6c5,SP
157c3e4b42,SP
9fbd5666d8,SP
eb9cd5b35d,SP
08d2d642cf,SP
525e75a6fb,SP
0e982cff76,SC
bc30de0d71,SP
014c0679dd,MG
78ba5933c2,SP
6ee85be369,SP
6327237718,SP
d5ba419e26,SP
15aac934c5,ES
0b36063d58,SC
f789d2c4f2,MG
fcf16b7a86,SP
880eda903e,SP
7f5e4d5efa,SP
299c89a525,CE
87b740daf1,SP
d4f91e8be8,SP
eb3071b9f0,SP
7b3f6ce5c6,SP
31da954dc0,SP
63b9ae557e,SP
ef99524691,MG
c18309219e,RJ
4a82168aae,PR
17e34d8224,SP
e2aee08921,PR
870d0118f7,MG
eb9267cccc,PE
5de1c80811,SC
ec8879960b,SP
586a871d4f,RS
a35124e2d7,SP
9198786624,SC
fe1b067411,SP
6b9b80d53b,SP
a938325a4b,RJ
f1b854361f,RJ
3d49bfdd1b,MG
9df5750209,RS
3d62f86afa,SP
497709c297,SP
e73bf2cea7,SC
778323240c,SP
2493dc3f20,DF
a3dd39f583,BA
4342d4b2ba,RJ
06df0c10d3,PR
89757206b8,SP
d8b8f2cf9f,GO
3c03b12bab,RJ
9d5a9018ae,GO
f9244d4518,SP
2b3b9ce054,SP
198c7ea119,MG
a478c7961d,SC
30c7f28fd3,RJ
66e0557ecc,SP
be1e9e3787,SP
21e8388140,MG
55c9692504,SP
918f6fbcf3,SP
daeb5653dd,MG
228e4c1a0b,PR
5145090ab5,PR
87e24fc705,SP
d66c11a957,RJ
e2c92f9c1c,SP
ea67327e24,SP
db6a4d4b5f,SP
1d1bbb8ac1,SC
f90f77ef27,PR
bbf4a892ca,PR
39f776d297,GO
c70c1b0d8c,SP
9e6967d3cf,SP
747e73c01a,PE
63704069d9,SP
4e2627090e,MG
61b18775be,SP
95cca79165,PR
dde698c6d0,RJ
e94b64dc69,SP
15ead3a503,MG
9d489893ff,SP
725af026f8,MG
f00f5b35d0,SP
7bac63f660,SP
f1fdf2d131,SP
98dddbc460,PR
f8201cab38,SC
74871d1921,SP
e603cf3fec,RS
9e25199f6e,SP
